date,open,high,low,close,volume,Name
2/8/13,390.4551,393.7283,390.1698,393.0777,6031199,GOOGL
2/11/13,389.5892,391.8915,387.2619,391.6012,4330781,GOOGL
2/12/13,391.2659,394.344,390.0747,390.7403,3714176,GOOGL
2/13/13,390.4551,393.0677,390.375,391.8214,2393946,GOOGL
2/14/13,390.2549,394.7644,389.2739,394.3039,3466971,GOOGL
2/15/13,394.0937,397.0266,393.9285,396.8414,5453980,GOOGL
2/19/13,398.393,403.9035,398.0376,403.8284,5857528,GOOGL
2/20/13,403.0527,404.8895,396.2929,396.6262,5522500,GOOGL
2/21/13,399.399,403.1277,396.0056,398.1628,7008464,GOOGL
2/22/13,400.0296,401.0256,397.2969,400.2549,4103315,GOOGL
2/25/13,401.5512,404.6092,395.6402,395.7804,4602925,GOOGL
2/26/13,397.8975,398.3729,392.5922,395.4601,4399988,GOOGL
2/27/13,397.7974,402.7774,395.9506,400.2899,4047784,GOOGL
2/28/13,400.9506,403.8985,400.9155,401.0006,4526218,GOOGL
3/1/13,399.2989,403.9736,398.4731,403.4981,4346304,GOOGL
3/4/13,403.0527,411.8314,402.9025,411.1628,5545624,GOOGL
3/5/13,414.8795,420.495,414.8644,419.7213,8079065,GOOGL
3/6/13,420.933,422.422,414.8194,416.1057,5739956,GOOGL
3/7/13,417.447,418.7283,415.2048,416.7143,4101301,GOOGL
3/8/13,417.6673,417.8774,412.9375,416.1758,5817848,GOOGL
3/11/13,416.2608,420.2699,416.1658,417.8274,3186118,GOOGL
3/12/13,415.7704,416.3609,412.2468,414.2188,4012146,GOOGL
3/13/13,414.3639,415.7603,411.5662,413.0677,3279147,GOOGL
3/14/13,413.9085,413.9085,409.1037,411.1808,3298723,GOOGL
3/15/13,409.6592,410.5602,407.0767,407.5582,6191734,GOOGL
3/18/13,402.9025,406.7864,401.1357,404.2989,3672831,GOOGL
3/19/13,406.0256,410.0346,403.6282,406.0657,4191219,GOOGL
3/20/13,408.8234,409.1638,406.1257,407.7614,2924120,GOOGL
3/21/13,406.0506,408.8671,405.3299,406.0356,2930649,GOOGL
3/22/13,407.7774,408.0276,405.2248,405.5602,2973343,GOOGL
3/25/13,406.6112,410.0246,403.8134,405.2248,3410398,GOOGL
3/26/13,407.1567,407.4069,404.2989,406.6162,2381243,GOOGL
3/27/13,403.7433,403.9035,401.0657,401.7313,4322068,GOOGL
3/28/13,402.397,403.0877,397.0466,397.4911,4570853,GOOGL
4/1/13,397.9025,401.5261,397.0216,400.9956,3610549,GOOGL
4/2/13,402.6723,407.8224,402.402,406.9265,4078671,GOOGL
4/3/13,407.1367,407.5071,400.7343,403.5041,3473233,GOOGL
4/4/13,402.5271,403.2779,396.0457,397.9325,4889914,GOOGL
4/5/13,393.423,393.8885,388.5882,391.9165,6860927,GOOGL
4/8/13,389.7644,390.1648,384.5842,387.8124,5658378,GOOGL
4/9/13,388.1377,392.2669,386.9416,389.2138,4310166,GOOGL
4/10/13,391.8515,396.5712,388.388,395.4851,3953171,GOOGL
4/11/13,396.8364,396.9466,392.422,395.5902,4053279,GOOGL
4/12/13,396.391,396.4471,391.8565,395.42,3269389,GOOGL
4/15/13,393.368,398.8985,388.8985,391.356,4900346,GOOGL
4/16/13,393.6883,398.398,392.352,397.0817,3480468,GOOGL
4/17/13,393.7684,395.8179,389.4391,391.6713,4069487,GOOGL
4/18/13,393.0677,393.2929,381.0107,383.34,6601455,GOOGL
4/19/13,384.9646,402.1217,383.5131,400.3349,11593628,GOOGL
4/22/13,400.7003,402.381,387.8875,400.4571,5760454,GOOGL
4/23/13,400.9005,408.1578,400.5802,404.3539,4579994,GOOGL
4/24/13,404.4591,409.409,404.404,407.1337,3654448,GOOGL
4/25/13,408.5331,408.6432,404.2188,404.9545,3980422,GOOGL
4/26/13,404.2038,404.2739,398.6883,401.1107,4970304,GOOGL
4/29/13,402.0266,411.7613,401.9015,409.9395,4595912,GOOGL
4/30/13,409.9095,414.2338,409.2488,412.6973,4608663,GOOGL
5/1/13,412.0416,412.7724,408.5882,410.6252,2906961,GOOGL
5/2/13,410.4601,417.6923,409.9345,415.2198,4032460,GOOGL
5/3/13,418.8985,423.8234,418.418,423.2829,5019702,GOOGL
5/6/13,424.5541,431.3559,424.5541,431.2058,4278140,GOOGL
5/7/13,431.9365,432.3669,425.7603,429.0436,3914058,GOOGL
5/8/13,428.9285,437.3769,426.8815,437.2518,4930476,GOOGL
5/9/13,435.8554,440.2698,434.5491,436.1757,4396519,GOOGL
5/10/13,438.0927,440.7103,436.5161,440.5551,3791566,GOOGL
5/13/13,439.8844,441.6762,437.1272,439.2038,2893167,GOOGL
5/14/13,439.1888,444.7893,439.0086,443.9936,3154697,GOOGL
5/15/13,448.1978,458.6482,447.457,458.4029,7962426,GOOGL
5/16/13,459.9595,460.4499,451.456,452.3869,6410573,GOOGL
5/17/13,455.465,457.2012,450.7103,455.0446,5578028,GOOGL
5/20/13,452.9525,460.7603,452.9525,454.7193,4540849,GOOGL
5/21/13,454.464,456.2858,449.2538,453.9385,3961409,GOOGL
5/22/13,451.7313,455.1097,443.8834,445.1547,5116072,GOOGL
5/23/13,438.9385,445.425,437.437,441.8364,4545347,GOOGL
5/24/13,438.0676,439.8494,435.9405,437.0967,4588931,GOOGL
5/28/13,442.1918,446.5161,440.6402,441.0756,4510310,GOOGL
5/29/13,438.2929,439.434,432.5771,434.5892,4022272,GOOGL
5/30/13,435.395,439.8895,433.6382,435.8154,4237137,GOOGL
5/31/13,434.4941,438.9385,434.1938,436.0446,3934779,GOOGL
6/3/13,436.9365,437.4219,427.9375,434.2488,4946046,GOOGL
6/4/13,434.3589,435.7303,427.462,429.9796,3733157,GOOGL
6/5/13,431.6863,435.1597,428.9936,430.2799,4208973,GOOGL
6/6/13,432.5822,433.5982,424.0336,432.7523,5152857,GOOGL
6/7/13,435.6452,440.44,433.0927,440.3049,5342795,GOOGL
6/10/13,441.491,445.9455,440.4851,445.5551,4670835,GOOGL
6/11/13,442.427,443.9435,440.1998,440.3449,3511453,GOOGL
6/12/13,443.1727,443.443,435.2598,436.426,4405093,GOOGL
6/13/13,434.9245,440.2698,433.1827,438.9385,4135093,GOOGL
6/14/13,440.49,442.7923,437.5021,437.9575,4485457,GOOGL
6/17/13,440.0546,445.1597,439.5791,443.5681,4287768,GOOGL
6/18/13,444.7693,450.9505,444.6192,450.7603,4329191,GOOGL
6/19/13,451.1357,455.8754,449.1988,450.7903,5825958,GOOGL
6/20/13,447.442,450.9505,442.0967,442.8124,6737253,GOOGL
6/21/13,444.6142,445.3849,436.9715,440.9055,7956472,GOOGL
6/24/13,436.3759,438.5982,432.0566,435.3299,6027497,GOOGL
6/25/13,439.0686,440.2798,432.6873,433.5331,5101271,GOOGL
6/26/13,437.3119,439.439,435.7203,437.2618,3658997,GOOGL
6/27/13,439.8394,442.7873,438.7633,438.9735,3849059,GOOGL
6/28/13,437.8875,441.3609,437.5326,440.6252,4693361,GOOGL
7/1/13,443.6682,446.486,442.9425,444.3839,3443061,GOOGL
7/2/13,445.5451,445.9455,439.0736,441.5962,3779117,GOOGL
7/3/13,440.45,445.0296,439.6893,443.6582,2095161,GOOGL
7/5/13,445.45,448.1527,444.1137,447.1917,3400260,GOOGL
7/8/13,450.0546,453.5881,448.9905,452.9975,3934965,GOOGL
7/9/13,455.9555,456.9315,449.439,453.0726,3923293,GOOGL
7/10/13,452.1767,456.0231,450.6402,453.448,3411271,GOOGL
7/11/13,456.9565,460.8654,454.7143,460.5801,5162480,GOOGL
7/12/13,460.46,461.9615,458.0776,461.9615,5131083,GOOGL
7/15/13,462.6121,464.464,458.6382,462.8073,3916715,GOOGL
7/16/13,464.0286,464.449,457.4069,460.2638,3961942,GOOGL
7/17/13,460.9605,463.8934,458.6082,459.7343,3008727,GOOGL
7/18/13,459.9545,460.46,452.0466,455.7953,7211592,GOOGL
7/19/13,443.7483,451.9265,438.2428,448.7473,14703570,GOOGL
7/22/13,451.451,456.7913,448.9485,455.8053,5800599,GOOGL
7/23/13,455.8053,456.9565,450.2348,452.3519,4086567,GOOGL
7/24/13,454.0836,455.6051,450.8003,451.9015,4151405,GOOGL
7/25/13,447.3819,448.8734,443.483,444.2939,5995870,GOOGL
7/26/13,443.9385,445.44,441.441,443.1177,3551790,GOOGL
7/29/13,442.8924,447.8574,440.8854,441.5761,3780304,GOOGL
7/30/13,443.1727,448.2528,440.8754,445.9055,3508124,GOOGL
7/31/13,446.9415,448.7028,443.5331,444.3189,4341642,GOOGL
8/1/13,447.9475,452.7273,447.9475,452.5621,4267479,GOOGL
8/2/13,452.1717,453.9535,450.8604,453.7383,3424306,GOOGL
8/5/13,453.1477,453.2153,450.0496,452.9525,2616825,GOOGL
8/6/13,452.7973,455.3094,448.3129,448.7333,3009141,GOOGL
8/7/13,447.9675,449.6742,444.9895,445.7703,2756731,GOOGL
8/8/13,448.1927,448.3679,443.0901,446.7763,2973117,GOOGL
8/9/13,445.7253,448.2078,445.445,445.6502,2644677,GOOGL
8/12/13,443.8934,443.9435,441.2658,443.1978,2751317,GOOGL
8/13/13,443.8584,444.6943,438.5381,441.0656,2837087,GOOGL
8/14/13,439.6242,440.5551,434.0136,435.3399,4160234,GOOGL
8/15/13,432.6522,432.8925,429.429,430.2598,3737686,GOOGL
8/16/13,431.0706,431.6512,428.6983,428.8825,3346827,GOOGL
8/19/13,429.2839,436.436,429.1537,433.2578,3618232,GOOGL
8/20/13,434.6092,436.4911,432.2018,433.1427,2470048,GOOGL
8/21/13,435.7603,438.893,433.6832,435.0997,3511155,GOOGL
8/22/13,436.7864,437.8124,435.5601,437.2919,1738084,GOOGL
8/23/13,439.3539,439.439,435.3099,435.5401,2151834,GOOGL
8/26/13,435.435,437.8875,433.458,433.6282,2110258,GOOGL
8/27/13,430.2398,432.2969,424.3739,425.5001,3460148,GOOGL
8/28/13,425.5501,428.1327,424.3089,424.6993,2657159,GOOGL
8/29/13,424.9595,430.6202,424.7193,428.1427,2739876,GOOGL
8/30/13,428.3079,429.449,423.2028,423.8734,3719495,GOOGL
9/3/13,427.6072,433.5281,427.402,430.6202,4091181,GOOGL
9/4/13,430.6052,437.1868,428.0126,436.2528,4078388,GOOGL
9/5/13,437.1868,440.3799,436.2408,440.2198,2582619,GOOGL
9/6/13,441.6612,442.3319,437.3069,440.2298,3120390,GOOGL
9/9/13,442.3069,445.3199,441.6512,444.471,2466701,GOOGL
9/10/13,445.455,446.446,442.4421,444.7793,2572899,GOOGL
9/11/13,444.7143,448.9335,443.483,448.5431,3218136,GOOGL
9/12/13,449.1487,449.399,445.45,446.9785,2188741,GOOGL
9/13/13,447.6972,448.2878,442.8624,444.9785,2649123,GOOGL
9/16/13,448.5481,448.9485,442.8774,444.3239,2679542,GOOGL
9/17/13,444.1487,444.6417,440.9405,443.4981,2516547,GOOGL
9/18/13,443.6182,452.437,441.9766,452.1117,3866699,GOOGL
9/19/13,453.448,453.448,448.1477,449.6442,3192527,GOOGL
9/20/13,449.6442,452.5171,448.2578,452.0066,8683934,GOOGL
9/23/13,448.5231,451.2458,443.0426,443.6932,3551333,GOOGL
9/24/13,443.6932,445.495,441.1407,443.8634,2937129,GOOGL
9/25/13,443.7183,443.7183,438.2378,439.0536,3299275,GOOGL
9/26/13,439.5892,441.8164,437.9375,439.5241,2517297,GOOGL
9/27/13,437.8474,439.1988,436.0907,438.6332,2515129,GOOGL
9/30/13,434.9745,440.8604,434.5892,438.393,3443163,GOOGL
10/1/13,440.5651,444.2788,440.465,443.9455,3366200,GOOGL
10/2/13,441.8064,445.1222,439.3489,444.439,2987680,GOOGL
10/3/13,444.444,447.4971,436.486,438.483,4232991,GOOGL
10/4/13,437.9375,439.1937,435.435,436.6112,2713297,GOOGL
10/7/13,434.1587,437.432,432.4871,433.3029,2585249,GOOGL
10/8/13,433.0927,433.423,426.2408,427.2618,3894014,GOOGL
10/9/13,428.5681,431.7563,421.9115,428.3579,5297349,GOOGL
10/10/13,432.3519,434.8494,430.5351,434.5541,4513349,GOOGL
10/11/13,433.448,437.1767,433.0827,436.431,2815009,GOOGL
10/14/13,433.7633,438.5631,433.1277,438.4931,2484861,GOOGL
10/15/13,438.3179,443.2578,437.437,441.446,3186368,GOOGL
10/16/13,443.3779,449.6142,442.447,449.4635,4019552,GOOGL
10/17/13,446.9415,448.8985,443.3079,444.8414,8504739,GOOGL
10/18/13,488.7783,508.2378,487.487,506.2097,23145371,GOOGL
10/21/13,506.2357,510.0095,500.2748,502.1517,7259073,GOOGL
10/22/13,503.0025,507.0065,498.3934,504.0035,4418539,GOOGL
10/23/13,501.0005,517.8923,500.8153,516.2192,5329842,GOOGL
10/24/13,516.4509,520.8053,512.9124,513.2878,4182126,GOOGL
10/25/13,514.9244,514.9244,505.8754,508.1076,4057618,GOOGL
10/28/13,508.1076,512.2267,506.999,508.0075,2330470,GOOGL
10/29/13,510.0596,518.9885,507.2568,518.6381,3213379,GOOGL
10/30/13,519.2337,519.2738,513.513,515.7252,2651548,GOOGL
10/31/13,514.9795,521.2827,512.497,515.8053,3276793,GOOGL
11/1/13,516.4109,518.5179,513.0625,514.0335,2565311,GOOGL
11/4/13,516.2658,516.7012,511.526,513.5661,2276094,GOOGL
11/5/13,510.6852,516.3408,509.2187,511.2708,2360615,GOOGL
11/6/13,513.3128,514.0135,508.1927,511.8864,1827421,GOOGL
11/7/13,511.8163,512.477,504.3238,504.479,3356785,GOOGL
11/8/13,504.8794,509.7593,504.7543,508.523,2586430,GOOGL
11/11/13,505.2598,508.473,504.504,505.8003,2223333,GOOGL
11/12/13,504.3539,509.2888,503.0025,506.3959,2435485,GOOGL
11/13/13,503.8784,516.9414,503.7532,516.7512,3164843,GOOGL
11/14/13,517.477,520.3949,515.6902,518.1326,2334603,GOOGL
11/15/13,517.9524,519.519,515.6707,517.2968,2552991,GOOGL
11/18/13,518.3929,524.8944,515.1358,516.2908,3516981,GOOGL
11/19/13,516.3759,517.8924,512.0365,513.1146,2260977,GOOGL
11/20/13,515.49,517.1967,510.6902,511.6662,1929141,GOOGL
11/21/13,514.0135,519.6742,513.513,517.552,2182811,GOOGL
11/22/13,517.2267,518.6031,515.1259,516.4609,2506114,GOOGL
11/25/13,519.0986,527.1216,518.0288,523.488,3222795,GOOGL
11/26/13,524.8243,531.2808,521.989,529.7342,4569794,GOOGL
11/27/13,531.546,534.534,530.53,532.0866,2244873,GOOGL
11/29/13,531.6111,533.8433,530.2547,530.3248,2383163,GOOGL
12/2/13,532.2868,533.7082,525.9054,527.7672,2747720,GOOGL
12/3/13,526.0005,532.2517,525.0345,527.1566,3352755,GOOGL
12/4/13,526.2107,532.522,525.525,529.6191,2381896,GOOGL
12/5/13,529.1286,530.3598,526.0705,529.1987,2267570,GOOGL
12/6/13,535.4299,535.535,530.57,535.4699,2859610,GOOGL
12/9/13,536.0305,541.6962,534.544,539.6091,2965241,GOOGL
12/10/13,538.6131,546.7012,538.3628,542.8723,3708515,GOOGL
12/11/13,544.2437,546.2057,538.1226,539.1836,3420250,GOOGL
12/12/13,540.3248,542.0115,535.0345,535.515,3189806,GOOGL
12/13/13,538.2377,538.6831,529.4714,530.9254,4325193,GOOGL
12/16/13,532.532,537.8823,531.536,537.0265,3209141,GOOGL
12/17/13,536.9464,540.9204,534.7242,535.4649,3076757,GOOGL
12/18/13,536.4609,543.0175,530.0495,542.9174,4420671,GOOGL
12/19/13,540.9241,546.541,540.0795,543.6531,3328683,GOOGL
12/20/13,544.6942,551.1356,544.544,550.8603,6528306,GOOGL
12/23/13,554.4739,558.4578,553.1126,558.1075,3443417,GOOGL
12/24/13,558.0425,558.1776,554.6041,556.4759,1466873,GOOGL
12/26/13,557.562,560.0595,554.8993,559.2887,2674340,GOOGL
12/27/13,560.56,560.7001,557.0265,559.7592,3137143,GOOGL
12/30/13,560.7302,560.8102,555.0645,555.2847,2470947,GOOGL
12/31/13,556.6761,561.0605,553.6831,560.9154,2713886,GOOGL
1/2/14,558.2877,559.4339,554.6842,557.1166,3641796,GOOGL
1/3/14,558.0575,559.0235,553.0175,553.0525,3335123,GOOGL
1/6/14,557.0615,559.9894,553.7732,559.2187,3538026,GOOGL
1/7/14,563.0625,570.4148,561.1406,569.9982,5102895,GOOGL
1/8/14,573.573,574.2337,567.2116,571.1856,4482406,GOOGL
1/9/14,572.2917,572.6821,563.3428,565.6851,4166963,GOOGL
1/10/14,570.1095,570.1095,561.6861,565.6551,4286833,GOOGL
1/13/14,563.7982,574.0284,559.1436,562.0515,4846384,GOOGL
1/14/14,569.544,576.0755,564.609,575.2747,4964064,GOOGL
1/15/14,577.0715,578.0775,572.4669,574.8843,3898126,GOOGL
1/16/14,575.1245,579.5435,574.574,578.6881,3368030,GOOGL
1/17/14,579.0034,580.8953,572.6721,575.8403,5526753,GOOGL
1/21/14,581.0455,582.582,576.2256,582.4319,3958240,GOOGL
1/22/14,583.8883,584.5289,580.0094,583.0925,3144547,GOOGL
1/23/14,580.58,581.8262,577.7622,580.63,3899387,GOOGL
1/24/14,576.0805,577.3493,562.0615,562.4769,7844849,GOOGL
1/27/14,563.6131,563.8133,541.6761,551.1656,8717239,GOOGL
1/28/14,555.7152,563.4374,555.525,562.0665,4431015,GOOGL
1/29/14,560.1196,561.4359,550.2597,554.0135,4818464,GOOGL
1/30/14,573.0725,576.8212,564.1886,568.2647,10271942,GOOGL
1/31/14,586.2607,593.8633,576.1406,591.0755,11128460,GOOGL
2/3/14,590.1896,591.4519,566.5685,567.2817,9142062,GOOGL
2/4/14,569.564,578.0775,569.0735,569.6491,5625848,GOOGL
2/5/14,572.2617,575.9604,564.574,572.1716,4796442,GOOGL
2/6/14,576.1406,580.6601,574.3488,580.56,3892615,GOOGL
2/7/14,584.3988,589.5389,580.8608,589.3087,5369247,GOOGL
2/10/14,586.4859,591.7912,585.0945,587.0515,3887391,GOOGL
2/11/14,590.6751,596.529,586.6911,595.6851,4101524,GOOGL
2/12/14,595.0945,595.595,591.2807,593.9383,3447898,GOOGL
2/13/14,590.9654,600.5499,590.4198,600.5499,3670172,GOOGL
2/14/14,598.4028,602.7972,596.9964,602.0014,4384276,GOOGL
2/18/14,601.3057,607.0414,600.6,606.0454,4217243,GOOGL
2/19/14,603.2527,605.2146,599.3498,601.7712,4207187,GOOGL
2/20/14,602.1716,604.0459,600.7101,602.6571,3400388,GOOGL
2/21/14,604.5089,605.5399,602.0189,602.4969,3722587,GOOGL
2/24/14,603.2827,610.6901,603.1526,606.8613,3347574,GOOGL
2/25/14,608.578,612.8623,605.8169,610.61,2885475,GOOGL
2/26/14,612.612,615.0544,607.4869,610.6951,3963644,GOOGL
2/27/14,609.8042,612.7296,609.114,610.2146,2519069,GOOGL
2/28/14,610.7802,612.7071,603.7131,608.4328,4624567,GOOGL
3/3/14,603.9784,604.5239,596.6661,601.9463,4204777,GOOGL
3/4/14,608.1075,608.608,605.3547,608.0625,2939123,GOOGL
3/5/14,608.1325,612.1515,606.3087,609.7391,2469910,GOOGL
3/6/14,611.7511,613.6856,609.9093,610.4148,2536645,GOOGL
3/7/14,614.0134,614.1061,606.3247,608.0024,3027992,GOOGL
3/10/14,608.4528,609.4263,602.6471,606.3908,2428458,GOOGL
3/11/14,607.4919,607.7671,598.9183,600.595,3427419,GOOGL
3/12/14,598.7982,604.5289,592.6871,604.2536,3929924,GOOGL
3/13/14,604.579,605.8552,592.9724,595.1245,4686593,GOOGL
3/14/14,591.586,596.0304,586.8513,586.9864,4598973,GOOGL
3/17/14,590.2146,599.1335,589.6441,596.646,4328765,GOOGL
3/18/14,597.9323,606.3708,597.1265,606.2356,3639572,GOOGL
3/19/14,606.5059,606.601,597.8022,600.2246,3222579,GOOGL
3/20/14,600.575,605.4098,598.2777,599.1786,3366583,GOOGL
3/21/14,603.7582,605.4198,591.8162,592.1115,6414897,GOOGL
3/24/14,592.6871,593.0425,573.548,579.544,6072230,GOOGL
3/25/14,583.583,585.5049,574.0735,579.9394,4821269,GOOGL
3/26/14,581.586,586.3708,566.3157,566.551,5154891,GOOGL
3/27/14,565.9904,566.536,551.601,557.6971,7645706,GOOGL
3/28/14,560.0595,567.1616,559.4439,560.6351,4513323,GOOGL
3/31/14,565.7652,568.0675,556.9814,557.8123,3880673,GOOGL
4/1/14,560.6951,569.3188,559.559,568.0124,4360891,GOOGL
4/2/14,571.5209,572.9724,562.5621,568.1176,4167353,GOOGL
4/3/14,573.39,588.3,566.01,571.5,4019626,GOOGL
4/4/14,578.55,579.7173,544.494,545.25,5366972,GOOGL
4/7/14,544.79,549.85,530.53,540.63,3961552,GOOGL
4/8/14,545.05,559.88,544.7,557.51,3488768,GOOGL
4/9/14,565.84,567.8,555.38,567.04,3033589,GOOGL
4/10/14,568,568.21,545.5,546.69,3296996,GOOGL
4/11/14,537.94,547.59,533.4,537.76,3175460,GOOGL
4/14/14,543.66,553.02,540.52,545.2,2541398,GOOGL
4/15/14,551,552.89,530.64,548.7,3999843,GOOGL
4/16/14,557.7,564,553.1,563.9,4588541,GOOGL
4/17/14,556.32,557,539.4,543.34,5616862,GOOGL
4/21/14,544,544,534,539.37,2425207,GOOGL
4/22/14,536,547.995,536,545.5,2331121,GOOGL
4/23/14,543.67,544.8,528.1277,537.51,1959330,GOOGL
4/24/14,541.69,542.5,531,534.44,2069559,GOOGL
4/25/14,532.26,533.86,522.5,523.1,2372604,GOOGL
4/28/14,525.8,525.9,511,522.98,3752779,GOOGL
4/29/14,523.89,537.76,523,536.33,2535967,GOOGL
4/30/14,535.12,536.34,529.09,534.88,2038658,GOOGL
5/1/14,534.25,539.91,532.86,538.53,2004375,GOOGL
5/2/14,541.44,542.4,533.27,533.87,1781595,GOOGL
5/5/14,530.24,535.72,527.58,535.33,1228797,GOOGL
5/6/14,533.41,534.548,522.2601,522.57,1835318,GOOGL
5/7/14,523.25,524.43,511.09,518,3074346,GOOGL
5/8/14,515.72,527.35,514.46,520.17,2452197,GOOGL
5/9/14,518.65,527.35,514.28,526.62,2261447,GOOGL
5/12/14,531.84,538.75,527.51,538.43,1949291,GOOGL
5/13/14,539.58,543.99,537.9,541.54,2011963,GOOGL
5/14/14,541.82,541.82,533.11,534.41,1281148,GOOGL
5/15/14,533.14,533.9999,525.31,529.12,1833044,GOOGL
5/16/14,529.6,530.84,523.57,528.3,1907733,GOOGL
5/19/14,528.88,539.35,525.66,538.83,1977885,GOOGL
5/20/14,540,546.35,536.57,540.39,2425292,GOOGL
5/21/14,542.9,549.75,542.11,549.7,1564854,GOOGL
5/22/14,552.2,557.96,551,555.45,2149757,GOOGL
5/23/14,558.13,565,554.17,563.8,2672674,GOOGL
5/27/14,567.78,574.87,564.15,574.87,2191828,GOOGL
5/28/14,574.57,577.66,569.952,570.45,1581576,GOOGL
5/29/14,573.39,573.48,568.4525,570.56,1411296,GOOGL
5/30/14,571.64,572.58,565.79,571.65,1871737,GOOGL
6/2/14,569.75,570.41,556.7,564.34,1663640,GOOGL
6/3/14,560.9,562.4,552.5275,554.51,2031647,GOOGL
6/4/14,551.52,558.58,548.56,553.76,1729192,GOOGL
6/5/14,557.11,565,555.05,564.93,1796370,GOOGL
6/6/14,568.16,568.7999,559.58,566.03,1740934,GOOGL
6/9/14,566.75,572,565.22,570.73,1529959,GOOGL
6/10/14,568.78,572,566.13,568.3,1485115,GOOGL
6/11/14,565.92,568.97,563.68,567.5,1129173,GOOGL
6/12/14,567,567,557.15,559.5,1549487,GOOGL
6/13/14,560.08,560.65,553.72,560.35,1353343,GOOGL
6/16/14,557.25,557.99,550,552.3,1971842,GOOGL
6/17/14,552.36,553.74,547.47,550.615,1481669,GOOGL
6/18/14,552.8,561.4,551.58,560.66,2060681,GOOGL
6/19/14,561.15,565,556.6679,564.99,2630539,GOOGL
6/20/14,566.45,566.77,559.37,566.52,3162147,GOOGL
6/23/14,564.35,574.44,563.5,574.29,1724098,GOOGL
6/24/14,574.22,582.25,569.16,572.54,2844325,GOOGL
6/25/14,573.55,587.3,573.26,585.93,2114743,GOOGL
6/26/14,589.3,589.6,579.6,584.77,2012360,GOOGL
6/27/14,585.45,587.88,582.62,585.69,2022118,GOOGL
6/30/14,586.76,587.71,583.29,584.67,1479411,GOOGL
7/1/14,587.65,593.66,586.29,591.49,1644628,GOOGL
7/2/14,592.26,594.15,589.11,590.78,1197005,GOOGL
7/3/14,591.7,594.25,589,593.08,898852,GOOGL
7/7/14,593.51,595.645,587.94,590.76,1337088,GOOGL
7/8/14,586.365,587.97,574,578.4,2129924,GOOGL
7/9/14,578.95,584.1,577,583.36,1373056,GOOGL
7/10/14,573,585.25,572.1001,580.04,1436326,GOOGL
7/11/14,581,588.23,580.575,586.65,1514265,GOOGL
7/14/14,590.6,594.86,586.693,594.26,1954612,GOOGL
7/15/14,595.15,595.2999,585.31,593.06,1673979,GOOGL
7/16/14,596.89,597,590.25,590.62,1442211,GOOGL
7/17/14,588.97,589.5,576.85,580.82,2941648,GOOGL
7/18/14,603.01,606.7,590.92,605.11,4874260,GOOGL
7/21/14,601.35,604.16,594.45,598.44,2240111,GOOGL
7/22/14,599.7,608.89,599.2576,603.57,1881665,GOOGL
7/23/14,602.05,607.05,601.35,605.19,1106136,GOOGL
7/24/14,605.53,608.91,601,603.01,1355974,GOOGL
7/25/14,599.25,601,595.75,598.08,1361911,GOOGL
7/28/14,597.75,601.098,592.59,599.02,1358071,GOOGL
7/29/14,597.7,598.49,592.17,593.95,1366729,GOOGL
7/30/14,595.81,598.45,592.7,595.44,1215576,GOOGL
7/31/14,588.96,591.9899,577.68,579.55,2310471,GOOGL
8/1/14,578.555,583.43,570.3,573.6,2213790,GOOGL
8/4/14,576.51,583.82,572.26,582.27,1524818,GOOGL
8/5/14,579.38,580.2,570.31,573.14,1651342,GOOGL
8/6/14,569.5,578.644,567.45,574.49,1322878,GOOGL
8/7/14,576.05,578.31,569.43,571.81,1163027,GOOGL
8/8/14,572.02,579.5639,569.02,577.94,1495022,GOOGL
8/11/14,579,579.69,575.298,577.25,1203357,GOOGL
8/12/14,575,575.9,569.91,572.12,1394939,GOOGL
8/13/14,576.45,586.125,575.2,584.56,1898206,GOOGL
8/14/14,586.69,587.8,580.92,584.65,1272879,GOOGL
8/15/14,587.5,589.47,580.76,583.71,1725358,GOOGL
8/18/14,587.1,595.05,586.55,592.7,1470756,GOOGL
8/19/14,595.59,597.81,594.44,597.11,1045258,GOOGL
8/20/14,596.95,596.99,593.001,595.41,968617,GOOGL
8/21/14,594.9,595.25,591.101,592.42,1133593,GOOGL
8/22/14,593.27,594.99,589.8,592.54,877464,GOOGL
8/25/14,594.77,595.58,589.26,590.57,1298049,GOOGL
8/26/14,592,592.05,587.45,588.12,1471953,GOOGL
8/27/14,587.81,589.37,580.9,583,1368766,GOOGL
8/28/14,580.02,584.71,577.88,580.32,1405950,GOOGL
8/29/14,582.35,582.8999,578.24,582.36,1206884,GOOGL
9/2/14,582.95,589.3,582.4,588.63,1585277,GOOGL
9/3/14,591.73,594.49,586.5,589.52,1579779,GOOGL
9/4/14,592.13,598,590.6,593.14,1634585,GOOGL
9/5/14,595.13,598.5,593.55,597.78,1799855,GOOGL
9/8/14,599.14,603.52,598.0231,601.63,1601244,GOOGL
9/9/14,600.27,600.6,590.48,591.97,1574573,GOOGL
9/10/14,591.74,593.72,587.14,593.42,1160291,GOOGL
9/11/14,590,591.945,586.04,591.11,1501451,GOOGL
9/12/14,590.39,591.48,583.28,584.9,1852271,GOOGL
9/15/14,582.24,583.92,577.01,581.64,1550110,GOOGL
9/16/14,580.95,590.15,580.95,588.78,1581589,GOOGL
9/17/14,589.51,596.07,587.12,593.29,1720921,GOOGL
9/18/14,595.05,597.56,593.02,597.27,1494467,GOOGL
9/19/14,599.49,605.4,597.76,605.4,4194630,GOOGL
9/22/14,602.5,603.8,593.12,597.27,1785101,GOOGL
9/23/14,595,596.65,590.24,591.18,1405078,GOOGL
9/24/14,591.57,600.11,590.3,598.42,1760953,GOOGL
9/25/14,596.99,598.07,584.74,585.25,1676485,GOOGL
9/26/14,585.93,589.5739,585,587.9,1289090,GOOGL
9/29/14,581.83,589.31,581.57,587.81,1144982,GOOGL
9/30/14,587.49,591,584.5,588.41,1571688,GOOGL
10/1/14,586.8,588.72,578.02,579.63,1449686,GOOGL
10/2/14,578,583.24,574.05,580.88,1536935,GOOGL
10/3/14,584.1,588.29,583.5,586.25,1214593,GOOGL
10/6/14,589.95,592.4,585.4,587.78,1286130,GOOGL
10/7/14,584.9,585.85,574.1,574.1,1546228,GOOGL
10/8/14,574.79,584.69,567.64,583.74,2210360,GOOGL
10/9/14,581.61,582.53,569.03,570.81,2413453,GOOGL
10/10/14,567.47,575.23,555.01,555.19,2979673,GOOGL
10/13/14,555.13,560.875,544.43,544.75,2756508,GOOGL
10/14/14,550.14,558.63,544.5,548.69,2610033,GOOGL
10/15/14,542.08,543.915,528.422,540.73,3836222,GOOGL
10/16/14,527,540.99,524.95,536.92,3805046,GOOGL
10/17/14,540.45,543.45,518.41,522.97,5998740,GOOGL
10/20/14,520.45,533.16,519.14,532.38,2749830,GOOGL
10/21/14,537.27,538.77,530.2,538.03,2460140,GOOGL
10/22/14,541.05,550.76,540.23,542.69,2974550,GOOGL
10/23/14,548.28,557.4,545.5,553.65,2153678,GOOGL
10/24/14,554.98,555,545.16,548.9,2175767,GOOGL
10/27/14,547.76,554,547.2,549.88,1598409,GOOGL
10/28/14,551.71,559.2,550.43,558.94,1739666,GOOGL
10/29/14,560.85,564.97,555.98,558.45,2053355,GOOGL
10/30/14,558.25,562.5,552.13,560.27,1612469,GOOGL
10/31/14,568.3,568.73,564.81,567.87,2341539,GOOGL
11/3/14,563.53,567.15,561.63,563.77,1544338,GOOGL
11/4/14,561.16,564.79,558.3,564.19,1386509,GOOGL
11/5/14,566.79,566.9,554.15,555.95,1645264,GOOGL
11/6/14,555.5,556.799,550.58,551.69,1650721,GOOGL
11/7/14,555.6,555.6,549.35,551.82,1589131,GOOGL
11/10/14,552.4,560.63,551.62,558.23,1304481,GOOGL
11/11/14,558.52,562.5,556.2419,561.29,1100179,GOOGL
11/12/14,561.15,561.25,555.5,558.25,1094114,GOOGL
11/13/14,560.81,560.8199,554.09,556.44,1510989,GOOGL
11/14/14,558,558,552.51,555.19,1425060,GOOGL
11/17/14,555.19,555.19,544.44,546.64,1680621,GOOGL
11/18/14,547.93,552.79,543.8,544.51,1822166,GOOGL
11/19/14,544.75,548.22,539.19,547.2,1517286,GOOGL
11/20/14,542.09,545.38,541.5,543.76,1750758,GOOGL
11/21/14,551.04,551.04,545,545.89,2505988,GOOGL
11/24/14,546.57,551.19,544.15,547.48,1653773,GOOGL
11/25/14,547.21,552.5,546.91,549.23,1903589,GOOGL
11/26/14,549.23,549.88,545.23,547.73,1480294,GOOGL
11/28/14,547,549.6,544.4801,549.08,1210061,GOOGL
12/1/14,545.09,548.79,538.62,539.65,1994399,GOOGL
12/2/14,539.45,541.85,534.657,538.59,2073974,GOOGL
12/3/14,537.5,541.405,535.21,536.97,1623977,GOOGL
12/4/14,537.64,542.69,534.89,542.58,1633688,GOOGL
12/5/14,536.7,538.2,527.26,528.08,3070118,GOOGL
12/8/14,529.22,533.815,527,530.73,3231818,GOOGL
12/9/14,525.875,536.65,523.41,536.11,2168813,GOOGL
12/10/14,535.9,539.36,527.49,528.04,2316204,GOOGL
12/11/14,530.01,537.04,529.16,532.11,2073290,GOOGL
12/12/14,527.44,532.24,521.46,521.51,2371543,GOOGL
12/15/14,523.76,525.37,515.397,515.84,2621977,GOOGL
12/16/14,513.6,515.58,497.19,498.16,4349882,GOOGL
12/17/14,499.86,509.07,499.11,506.45,3639437,GOOGL
12/18/14,515.99,516.25,506.56,514.62,3876732,GOOGL
12/19/14,516.99,520.81,508.86,520.04,4872059,GOOGL
12/22/14,520.61,532.97,520.59,532.3,3319461,GOOGL
12/23/14,534.51,542.3,533.72,538.77,2877222,GOOGL
12/24/14,538.82,540.29,535.1,536.93,737848,GOOGL
12/26/14,536.93,543.25,535.49,541.52,1113464,GOOGL
12/29/14,540.5,543.93,537.16,537.31,2218632,GOOGL
12/30/14,534.96,537.84,533.61,535.28,1048631,GOOGL
12/31/14,537.74,538.4,530.2,530.66,1236445,GOOGL
1/2/15,532.6,535.8,527.88,529.55,1327870,GOOGL
1/5/15,527.15,527.9899,517.75,519.46,2059119,GOOGL
1/6/15,520.5,521.21,505.55,506.64,2731813,GOOGL
1/7/15,510.95,511.49,503.65,505.15,2345875,GOOGL
1/8/15,501.51,507.5,495.02,506.91,3662224,GOOGL
1/9/15,508.18,508.6,498.65,500.72,2100024,GOOGL
1/12/15,499.24,500.28,490.91,497.06,2856938,GOOGL
1/13/15,502.57,508.6,497.26,501.8,3050295,GOOGL
1/14/15,500.42,508.26,498.16,505.93,2639959,GOOGL
1/15/15,508.89,509.75,502.01,504.01,2556682,GOOGL
1/16/15,503.15,510.85,503.09,510.455,2482858,GOOGL
1/20/15,512.77,515.61,509.37,509.94,2343612,GOOGL
1/21/15,510.84,521.851,509.59,520.39,2317789,GOOGL
1/22/15,523,538.84,521.91,537.3,2803401,GOOGL
1/23/15,538.03,545.41,535.7508,541.95,2298290,GOOGL
1/26/15,541.5,541.5,532.07,536.72,1546563,GOOGL
1/27/15,531.4,532.78,520.8612,521.19,1957440,GOOGL
1/28/15,525,525.69,512.35,512.43,1791077,GOOGL
1/29/15,512.9,515.19,503.48,513.23,3950857,GOOGL
1/30/15,519,543.1,518.18,537.55,6055445,GOOGL
2/2/15,534.32,536.5,521.72,532.2,3768861,GOOGL
2/3/15,529.94,537.45,526.81,533.3,2353096,GOOGL
2/4/15,533.14,536.746,525.03,526.1,1694832,GOOGL
2/5/15,527.93,530.69,525.64,529.83,1658751,GOOGL
2/6/15,531.01,540.215,528.65,533.875,2146922,GOOGL
2/9/15,531.06,533.88,527.55,529.28,1515687,GOOGL
2/10/15,532.15,541,529.1725,540.16,2371468,GOOGL
2/11/15,539.73,541.95,536,538,1915336,GOOGL
2/12/15,539.66,548.34,537,546.01,2429520,GOOGL
2/13/15,547.51,552.54,546.6,551.16,2369115,GOOGL
2/17/15,551.16,553,543.26,545.01,1958679,GOOGL
2/18/15,543.82,547.55,539.55,542.65,1558153,GOOGL
2/19/15,542.47,546.86,540.75,546.45,1541669,GOOGL
2/20/15,547.58,547.58,538.1,541.8,1911732,GOOGL
2/23/15,539,539.3,532,535,1645276,GOOGL
2/24/15,531.55,539.4,531,538.65,1421373,GOOGL
2/25/15,538.44,549.57,538.01,547.33,2041827,GOOGL
2/26/15,545.74,560.1299,545.09,559.29,2701584,GOOGL
2/27/15,558.15,569.42,557.03,562.63,3416445,GOOGL
3/2/15,567,575.99,563.15,575.02,2520304,GOOGL
3/3/15,576.35,580.85,570.5,578.795,2526280,GOOGL
3/4/15,576.97,581.63,572.52,578.33,1898150,GOOGL
3/5/15,579.62,583.2,578.23,581.435,1795889,GOOGL
3/6/15,582,582.78,572.06,572.9,1879619,GOOGL
3/9/15,570.92,575.45,569.05,574.1,1174244,GOOGL
3/10/15,568.475,569.762,559.82,559.85,2004024,GOOGL
3/11/15,559.8,564.18,555.41,555.69,2026158,GOOGL
3/12/15,558.48,561.84,555.53,561.17,1780057,GOOGL
3/13/15,559.23,564.36,550.33,553,1771354,GOOGL
3/16/15,556.93,563.75,551.32,561.64,1842754,GOOGL
3/17/15,558.29,560.64,554.41,557.61,1444560,GOOGL
3/18/15,557.73,566.51,553.5,566.16,1766221,GOOGL
3/19/15,564.52,566.96,562.12,563.67,1232969,GOOGL
3/20/15,566.71,567.1,564.48,564.95,2216038,GOOGL
3/23/15,566,569.6399,563.06,565.37,1511686,GOOGL
3/24/15,568.54,581.88,568.09,577.54,3957844,GOOGL
3/25/15,577.57,580.07,567,567,2653451,GOOGL
3/26/15,564.65,567.19,558.31,563.64,2492141,GOOGL
3/27/15,561.83,564.066,556.93,557.55,1727629,GOOGL
3/30/15,560.25,562.16,556.79,561.135,1239350,GOOGL
3/31/15,557.94,562.45,554.67,554.7,1746622,GOOGL
4/1/15,554.83,558.5,546.03,549.49,1945090,GOOGL
4/2/15,547.41,548,540.44,541.31,2388019,GOOGL
4/6/15,538.84,545.54,535.7,543.95,1685894,GOOGL
4/7/15,544.99,550.16,543.585,544.86,1365916,GOOGL
4/8/15,546,551.5,546,548.84,1419316,GOOGL
4/9/15,549.21,549.37,541.951,548.02,1618299,GOOGL
4/10/15,549.57,549.85,544.98,548.54,1305219,GOOGL
4/13/15,547.05,553.27,546.3,548.64,1466277,GOOGL
4/14/15,546.57,546.57,535.74,539.78,2360329,GOOGL
4/15/15,537.96,543.19,532.37,541.04,2348087,GOOGL
4/16/15,538.35,545.229,538.1,543.52,1586088,GOOGL
4/17/15,537.31,539.8,529,532.74,2461698,GOOGL
4/20/15,533.75,545.8,533.35,544.53,1926064,GOOGL
4/21/15,546.31,547.7745,542.21,542.925,1456387,GOOGL
4/22/15,543.06,551,541.32,549.18,1590320,GOOGL
4/23/15,550.41,561.17,550.08,557.46,3909155,GOOGL
4/24/15,580.05,584.7,568.35,573.66,4608403,GOOGL
4/27/15,572.77,575.52,562.3,566.12,2403105,GOOGL
4/28/15,564.32,567.83,560.96,564.37,1859787,GOOGL
4/29/15,560.51,565.84,559,561.39,1681064,GOOGL
4/30/15,558.56,561.11,546.72,548.77,2362024,GOOGL
5/1/15,550.51,551.22,543.85,551.16,1828566,GOOGL
5/4/15,550.99,556.69,547.39,552.84,1762952,GOOGL
5/5/15,550.16,552.61,542.37,543.045,1426417,GOOGL
5/6/15,542.64,543.93,532.235,535.08,1951728,GOOGL
5/7/15,535.9,545.2,533.45,542.04,1592220,GOOGL
5/8/15,548.87,552.8,548.03,548.95,1411264,GOOGL
5/11/15,548.49,553.3699,545.6,545.78,1092923,GOOGL
5/12/15,542.81,542.961,535,538.73,1764123,GOOGL
5/13/15,540.47,543.84,538.98,539.49,1211920,GOOGL
5/14/15,543.97,549.69,542.5,549.2,1586833,GOOGL
5/15/15,550.39,550.6,542.5,546.49,1671977,GOOGL
5/18/15,543.82,548.34,542.25,546.67,1335256,GOOGL
5/19/15,548,553.4,547.12,549.28,2356274,GOOGL
5/20/15,550.92,556.065,545.1,552.51,1541962,GOOGL
5/21/15,550.2,557.61,549.301,556.81,1708512,GOOGL
5/22/15,554.46,558.24,553.62,554.52,1213288,GOOGL
5/26/15,552.58,553.3305,542.97,547.19,1873709,GOOGL
5/27/15,548.68,555.29,546.5813,554.25,1742237,GOOGL
5/28/15,553.79,555.76,550.8,554.18,1177318,GOOGL
5/29/15,553.2,553.94,545.04,545.32,2172282,GOOGL
6/1/15,548.73,550.57,543.58,549.21,1660500,GOOGL
6/2/15,547.43,558.79,546.55,553.95,1592828,GOOGL
6/3/15,555.1,557.99,552.15,555.29,1335479,GOOGL
6/4/15,552.18,555.96,549.12,551.69,1343317,GOOGL
6/5/15,552,553.33,547.384,549.53,1219841,GOOGL
6/8/15,549.61,549.87,542.95,543.48,1366816,GOOGL
6/9/15,543.42,544.84,538.8506,542.16,1500846,GOOGL
6/10/15,545.7,554.78,545.11,552.6,1515805,GOOGL
6/11/15,554.49,554.83,549.17,550.04,1293560,GOOGL
6/12/15,547.15,548.85,545.63,547.47,1273383,GOOGL
6/15/15,542.73,544.05,539.21,543,1357481,GOOGL
6/16/15,544.48,546.69,541.5724,544.87,1626349,GOOGL
6/17/15,545.42,548.36,541.81,546.6,1222049,GOOGL
6/18/15,548,557.25,548,556.18,2059603,GOOGL
6/19/15,556.52,557.91,552.258,557.52,2964489,GOOGL
6/22/15,559.41,565.61,558.91,559.68,1737569,GOOGL
6/23/15,559.79,564.9,557.15,563.39,1569808,GOOGL
6/24/15,562.48,562.64,556.81,558.57,1446156,GOOGL
6/25/15,560.3,563.14,557.455,557.95,1335270,GOOGL
6/26/15,559.71,560,551.85,553.06,2183753,GOOGL
6/29/15,546.75,550.9,540.24,541.25,1887816,GOOGL
6/30/15,545.09,545.9,539.54,540.04,1725464,GOOGL
7/1/15,543.66,545.81,539.76,543.3,1537973,GOOGL
7/2/15,544.74,548,543.57,547.34,1406213,GOOGL
7/6/15,542.25,548.58,542.095,545.62,1280687,GOOGL
7/7/15,547.43,551,539.85,550.03,1679759,GOOGL
7/8/15,545.6,548.28,541.2,541.7,1383065,GOOGL
7/9/15,548.65,548.88,544.62,544.65,1488324,GOOGL
7/10/15,553.71,559.29,552,556.11,2171750,GOOGL
7/13/15,559.51,572.85,558.7,571.73,2089641,GOOGL
7/14/15,574.5,589.7087,574.17,584.18,3741583,GOOGL
7/15/15,583.74,588.69,580.21,583.96,2073330,GOOGL
7/16/15,589.5,604.5,587.92,601.78,5632054,GOOGL
7/17/15,680,703,678,699.62,12858136,GOOGL
7/20/15,688.98,697.8,681.77,692.84,5121752,GOOGL
7/21/15,684.88,705.6,684.15,695.35,3780230,GOOGL
7/22/15,694.02,713.33,691.62,695.1,4154987,GOOGL
7/23/15,691.85,696.07,671.59,674.73,3811598,GOOGL
7/24/15,676.77,677.79,653.18,654.77,4131137,GOOGL
7/27/15,651.57,667.07,651.55,658.27,2919110,GOOGL
7/28/15,661.76,664.1,653.41,659.66,1718193,GOOGL
7/29/15,662.26,663.33,652.84,661.43,1837805,GOOGL
7/30/15,657.44,668.05,651.69,664.56,1980345,GOOGL
7/31/15,664.7,664.9999,657.2,657.5,1746094,GOOGL
8/3/15,657.66,666.67,657.66,664.72,1567407,GOOGL
8/4/15,664.34,668,660.51,661.28,1309410,GOOGL
8/5/15,665.75,679.91,665.5827,673.29,1822387,GOOGL
8/6/15,673.99,674.75,660.73,670.15,2032984,GOOGL
8/7/15,667.78,668.795,658.87,664.39,1377152,GOOGL
8/10/15,667.09,671.62,660.23,663.14,1722915,GOOGL
8/11/15,699.58,704,684.32,690.3,5494011,GOOGL
8/12/15,694.49,696,680.51,691.47,2932328,GOOGL
8/13/15,689.2,694.03,682.18,686.51,1817748,GOOGL
8/14/15,684.04,692.26,682.9,689.37,1379855,GOOGL
8/17/15,688.04,694.74,683.06,694.11,1233951,GOOGL
8/18/15,691.07,695.7568,685.32,688.73,1385544,GOOGL
8/19/15,690.11,700.2,686.8,694.04,2509697,GOOGL
8/20/15,689.1,696.16,675.2801,679.48,2889877,GOOGL
8/21/15,671.04,672.89,643.104,644.03,4593970,GOOGL
8/24/15,600.6,644.33,593.09,618.11,6489430,GOOGL
8/25/15,646.4675,647,611.67,612.47,3571469,GOOGL
8/26/15,643.1,662.48,630.37,659.74,4386985,GOOGL
8/27/15,672,673.9799,651.1,667.96,2948736,GOOGL
8/28/15,665.11,667,653.75,659.69,1941833,GOOGL
8/31/15,656.26,664.41,646.35,647.82,1946844,GOOGL
9/1/15,633.66,644.44,625.06,629.56,2572884,GOOGL
9/2/15,638.64,645.057,630.64,644.91,1881489,GOOGL
9/3/15,647.93,651.25,633.8073,637.05,1728562,GOOGL
9/4/15,629.7,634.5,626.5,628.96,2024990,GOOGL
,,,,,,
,,,,,,
,,,,,,
,,,,,,
,,,,,,
,,,,,,
,,,,,,
,,,,,,
,,,,,,
,,,,,,
,,,,,,
,,,,,,
,,,,,,
,,,,,,
,,,,,,
,,,,,,
,,,,,,
,,,,,,
,,,,,,
,,,,,,
,,,,,,
,,,,,,
,,,,,,
,,,,,,
,,,,,,
,,,,,,
,,,,,,
,,,,,,
,,,,,,
,,,,,,
,,,,,,
,,,,,,
,,,,,,
,,,,,,
,,,,,,
,,,,,,
,,,,,,
,,,,,,
,,,,,,
,,,,,,
,,,,,,
,,,,,,
,,,,,,
,,,,,,
,,,,,,
,,,,,,
,,,,,,
,,,,,,
,,,,,,
,,,,,,
,,,,,,
,,,,,,
,,,,,,
,,,,,,
,,,,,,
,,,,,,
,,,,,,
,,,,,,
,,,,,,
,,,,,,
,,,,,,
,,,,,,
,,,,,,
,,,,,,
,,,,,,
,,,,,,
,,,,,,
,,,,,,
,,,,,,
,,,,,,
,,,,,,
,,,,,,
,,,,,,
,,,,,,
,,,,,,
,,,,,,
,,,,,,
,,,,,,
,,,,,,
,,,,,,
,,,,,,
,,,,,,
,,,,,,
,,,,,,
,,,,,,
,,,,,,
,,,,,,
,,,,,,
,,,,,,
,,,,,,
,,,,,,
,,,,,,
,,,,,,
,,,,,,
,,,,,,
,,,,,,
,,,,,,
,,,,,,
,,,,,,
,,,,,,
,,,,,,
,,,,,,
,,,,,,
,,,,,,
,,,,,,
,,,,,,
,,,,,,
,,,,,,
,,,,,,
,,,,,,
,,,,,,
,,,,,,
,,,,,,
,,,,,,
,,,,,,
,,,,,,
,,,,,,
,,,,,,
,,,,,,
,,,,,,
,,,,,,
,,,,,,
,,,,,,
,,,,,,
,,,,,,
,,,,,,
,,,,,,
,,,,,,
,,,,,,
,,,,,,
,,,,,,
,,,,,,
,,,,,,
,,,,,,
,,,,,,
,,,,,,
,,,,,,
,,,,,,
,,,,,,
,,,,,,
,,,,,,
,,,,,,
,,,,,,
,,,,,,
,,,,,,
,,,,,,
,,,,,,
,,,,,,
,,,,,,
,,,,,,
,,,,,,
,,,,,,
,,,,,,
,,,,,,
,,,,,,
,,,,,,
,,,,,,
,,,,,,
,,,,,,
,,,,,,
,,,,,,
,,,,,,
,,,,,,
,,,,,,
,,,,,,
,,,,,,
,,,,,,
,,,,,,
,,,,,,
,,,,,,
,,,,,,
,,,,,,
,,,,,,
,,,,,,
,,,,,,
,,,,,,
,,,,,,
,,,,,,
,,,,,,
,,,,,,
,,,,,,
,,,,,,
,,,,,,
,,,,,,
,,,,,,
,,,,,,
,,,,,,
,,,,,,
,,,,,,
,,,,,,
,,,,,,
,,,,,,
,,,,,,
,,,,,,
,,,,,,
,,,,,,
,,,,,,
,,,,,,
,,,,,,
,,,,,,
,,,,,,
,,,,,,
,,,,,,
,,,,,,
,,,,,,
,,,,,,
,,,,,,
,,,,,,
,,,,,,
,,,,,,
,,,,,,
,,,,,,
,,,,,,
,,,,,,
,,,,,,
,,,,,,
,,,,,,
,,,,,,
,,,,,,
,,,,,,
,,,,,,
,,,,,,
,,,,,,
,,,,,,
,,,,,,
,,,,,,
,,,,,,
,,,,,,
,,,,,,
,,,,,,
,,,,,,
,,,,,,
,,,,,,
,,,,,,
,,,,,,
,,,,,,
,,,,,,
,,,,,,
,,,,,,
,,,,,,
,,,,,,
,,,,,,
,,,,,,
,,,,,,
,,,,,,
,,,,,,
,,,,,,
,,,,,,
,,,,,,
,,,,,,
,,,,,,
,,,,,,
,,,,,,
,,,,,,
,,,,,,
,,,,,,
,,,,,,
,,,,,,
,,,,,,
,,,,,,
,,,,,,
,,,,,,
,,,,,,
,,,,,,
,,,,,,
,,,,,,
,,,,,,
,,,,,,
,,,,,,
,,,,,,
,,,,,,
,,,,,,
,,,,,,
,,,,,,
,,,,,,
,,,,,,
,,,,,,
,,,,,,
,,,,,,
,,,,,,
,,,,,,
,,,,,,
,,,,,,
,,,,,,
,,,,,,
,,,,,,
,,,,,,
,,,,,,
,,,,,,
,,,,,,
,,,,,,
,,,,,,
,,,,,,
,,,,,,
,,,,,,
,,,,,,
,,,,,,
,,,,,,
,,,,,,
,,,,,,
,,,,,,
,,,,,,
,,,,,,
,,,,,,
,,,,,,
,,,,,,
,,,,,,
,,,,,,
,,,,,,
,,,,,,
,,,,,,
,,,,,,
,,,,,,
,,,,,,
,,,,,,
,,,,,,
,,,,,,
,,,,,,
,,,,,,
,,,,,,
,,,,,,
,,,,,,
,,,,,,
,,,,,,
,,,,,,
,,,,,,
,,,,,,
,,,,,,
,,,,,,
,,,,,,
,,,,,,
,,,,,,
,,,,,,
,,,,,,
,,,,,,
,,,,,,
,,,,,,
,,,,,,
,,,,,,
,,,,,,
,,,,,,
,,,,,,
,,,,,,
,,,,,,
,,,,,,
,,,,,,
,,,,,,
,,,,,,
,,,,,,
,,,,,,
,,,,,,
,,,,,,
,,,,,,
,,,,,,
,,,,,,
,,,,,,
,,,,,,
,,,,,,
,,,,,,
,,,,,,
,,,,,,
,,,,,,
,,,,,,
,,,,,,
,,,,,,
,,,,,,
,,,,,,
,,,,,,
,,,,,,
,,,,,,
,,,,,,
,,,,,,
,,,,,,
,,,,,,
,,,,,,
,,,,,,
,,,,,,
,,,,,,
,,,,,,
,,,,,,
,,,,,,
,,,,,,
,,,,,,
,,,,,,
,,,,,,
,,,,,,
,,,,,,
,,,,,,
,,,,,,
,,,,,,
,,,,,,
,,,,,,
,,,,,,
,,,,,,
,,,,,,
,,,,,,
,,,,,,
,,,,,,
,,,,,,
,,,,,,
,,,,,,
,,,,,,
,,,,,,
,,,,,,
,,,,,,
,,,,,,
,,,,,,
,,,,,,
,,,,,,
,,,,,,
,,,,,,
,,,,,,
,,,,,,
,,,,,,
,,,,,,
,,,,,,
,,,,,,
,,,,,,
,,,,,,
,,,,,,
,,,,,,
,,,,,,
,,,,,,
,,,,,,
,,,,,,
,,,,,,
,,,,,,
,,,,,,
,,,,,,
,,,,,,
,,,,,,
,,,,,,
,,,,,,
,,,,,,
,,,,,,
,,,,,,
,,,,,,
,,,,,,
,,,,,,
,,,,,,
,,,,,,
,,,,,,
,,,,,,
,,,,,,
,,,,,,
,,,,,,
,,,,,,
,,,,,,
,,,,,,
,,,,,,
,,,,,,
,,,,,,
,,,,,,
,,,,,,
,,,,,,
,,,,,,
,,,,,,
,,,,,,
,,,,,,
,,,,,,
,,,,,,
,,,,,,
,,,,,,
,,,,,,
,,,,,,
,,,,,,
,,,,,,
,,,,,,
,,,,,,
,,,,,,
,,,,,,
,,,,,,
,,,,,,
,,,,,,
,,,,,,
,,,,,,
,,,,,,
,,,,,,
,,,,,,
,,,,,,
,,,,,,
,,,,,,
,,,,,,
,,,,,,
,,,,,,
,,,,,,
,,,,,,
,,,,,,
,,,,,,
,,,,,,
,,,,,,
,,,,,,
,,,,,,
,,,,,,
,,,,,,
,,,,,,
,,,,,,
,,,,,,
,,,,,,
,,,,,,
,,,,,,
,,,,,,
,,,,,,
,,,,,,
,,,,,,
,,,,,,
,,,,,,
,,,,,,
,,,,,,
,,,,,,
,,,,,,
,,,,,,
,,,,,,
,,,,,,
,,,,,,
,,,,,,
,,,,,,
,,,,,,
,,,,,,
,,,,,,
,,,,,,
,,,,,,
,,,,,,
,,,,,,
,,,,,,
,,,,,,
,,,,,,
,,,,,,
,,,,,,
,,,,,,
,,,,,,
,,,,,,
,,,,,,
,,,,,,
,,,,,,
,,,,,,
,,,,,,
,,,,,,
,,,,,,
,,,,,,
,,,,,,
,,,,,,
,,,,,,
,,,,,,
,,,,,,
,,,,,,
,,,,,,
,,,,,,
,,,,,,
,,,,,,
,,,,,,
,,,,,,
,,,,,,
,,,,,,
,,,,,,
,,,,,,
,,,,,,
,,,,,,
,,,,,,
,,,,,,
,,,,,,
,,,,,,
,,,,,,
,,,,,,
,,,,,,
,,,,,,
,,,,,,
,,,,,,
,,,,,,
,,,,,,
,,,,,,
,,,,,,
,,,,,,
,,,,,,
,,,,,,
,,,,,,
,,,,,,
,,,,,,
,,,,,,
,,,,,,
,,,,,,
,,,,,,
,,,,,,
,,,,,,
,,,,,,
,,,,,,
,,,,,,
,,,,,,
,,,,,,
,,,,,,
,,,,,,
,,,,,,
,,,,,,
,,,,,,
,,,,,,
,,,,,,
,,,,,,
,,,,,,
,,,,,,
,,,,,,
,,,,,,
,,,,,,
,,,,,,
,,,,,,
,,,,,,
,,,,,,
,,,,,,
,,,,,,
,,,,,,
,,,,,,